Predicted Treated,Predicted Control
0.4661185162480041,-0.02003272314344408
0.5124581059299989,-0.7991223312472995
0.25713301304883257,-0.19180791562977112
0.18637293233018914,0.32376579055846394
-0.004004606002789869,0.005052522079344207
-0.014170858302307193,-0.04718572528268474
0.06359211144127215,-0.20000469927773523
0.4623658713003509,0.15518109207650627
0.21085310823064918,0.2895212326992932
0.07816962436139005,-0.6165682863411331
-0.4429717790076345,-0.6299279646590055
-0.5380801938179097,-1.0414167576811284
-0.25734214225671503,-0.24684842294118123
-0.6404903855432464,-0.7723409941163341
-0.060808768854315264,-0.6452198268669349
0.2368428801973357,-0.496598548805221
-0.12076563491968896,-0.13577821768122114
-0.7795399651792083,-0.4199246260576321
0.22219078372349574,-0.04594219635231836
0.7809835330101778,0.0029626319360469226
0.4128006058394014,0.29084601071162636
-0.34679729364246237,-0.3682488270526485
-0.41168370745893074,-0.2757685085972934
-0.8102820787743955,-0.5826128388662669
-1.0801220349731286,-0.684334359217326
-0.4912165454961626,-0.18132899774326097
-0.6998528683321489,-1.2380426109613765
-0.30408296428542086,0.005591550513534665
-0.7498971633359172,-0.1433026246964695
-0.31532233637054646,-0.028988921772524223
-0.4429717790076345,-0.6299279646590055
-0.7367423146345133,-0.5634869131547073
0.0608162737989421,-0.578736478124339
0.22476277171308076,-0.020668507965976624
-0.6032903819042307,-0.4353971519622892
-0.39298691960501697,-0.4212511504352846
0.1728662597328366,0.06180002586842809
0.15523857162463328,-0.3219289776947047
0.8600339283799608,0.3725524573485962
0.6938731468557127,0.49215975555209895
-0.00983654433635048,-0.15375293003400203
-0.09996112841317403,-0.6679210409144389
0.12024258485986165,-0.1931079286608454
0.3417354107897549,-0.20247889176348824
0.08225579634166158,0.032481533638982985
0.3417354107897549,-0.20247889176348824
-0.22024981267949323,-0.2559718078132392
0.14117720075587029,0.24496028122843402
0.39973393188443945,0.09594405604264163
0.0004812789956947364,0.4729063935464527
-0.10174616756579358,0.08474319523693691
0.28241145596374867,-0.003922697700725301
0.3817809067729657,-0.5441610735955917
0.3702432885746599,0.5198538873691653
-0.5036787705056409,-0.22995086046060464
0.002500040270723537,-0.17161580770461285
0.6421993216174638,0.014152653243769249
-0.3034812978394618,-0.28472465389256746
0.57874184469165,0.1691451431514248
0.11126542102385521,0.18494715458632371
-0.02359889067402124,-0.48605425972681293
-0.5681960566289249,-1.0586695849817962
0.5135369174984353,0.22010827084022694
0.2898743578679143,0.036206907420982495
-0.43274954465613485,-0.3280654182986724
0.6410835157928493,0.36102556635488214
-0.5236957813345025,-0.6066083335987982
0.3194447806810361,0.3208552946559057
0.8167313760984826,0.9136054396929154
-0.5868914951562896,-1.0031682403553974
-0.20407346343304808,-0.725249315044897
-0.05784321218749855,-0.20322499974460967
-0.023891453042082667,-0.30146899778880665
0.9648709022150916,0.7508992242244018
0.10276973939854203,-0.1535313033947866
0.6370638313235872,-0.6468359591615352
1.047375209502902,0.65725749387982
0.7796602342771314,-0.17071215924680125
-0.06559022306707574,-0.3151218047230671
-0.03529263327647352,-0.34930943271653125
0.27293816188347475,0.16400966460231306
0.8324397415181156,0.4737999819010359
-0.5484785427916984,-0.6981831837540574
-0.8294667745937861,-0.554928727753881
0.25713301304883257,-0.19180791562977112
0.24257311034984286,0.12331344422044684
-0.20838584566652,-0.1914284340754603
-0.2399255452324202,-1.2594119540722568
0.16353410870669155,-0.02317283284132703
0.5289304384800492,0.10858108242371771
-0.3530862066009842,-0.6131698591809939
-0.18540123629110927,-0.1968341806284167
-0.3041671362691114,-0.5022664731394493
0.8653917761431634,-0.16313496776917485
0.03260435804962886,-0.5917883091896275
-0.06789040056564015,-0.3942789959549037
-0.3445594334907986,-0.75176946170941
0.07816962436139005,-0.6165682863411331
-0.3161422228279898,-0.423647400958313
0.08551784558137644,-0.3979677206139896
-0.11134118059396644,-0.5576945580743712
0.12241229156868816,-0.21242951097326693
-0.3181925086635935,-1.0779554824290514
0.11059705620045991,-0.2089853981233175
-0.1402015782660822,0.1059123184590635
0.24257311034984286,0.12331344422044684
0.12155501900821732,0.47712395994224577
0.2585378770416128,0.025508033802237543
0.40181899033452984,-1.0207580354969072
-0.5204839338777988,-0.23125573093755425
0.24425260637993895,0.4127465414165527
0.16968469097157077,-0.152997361647516
0.4211340938015578,-1.07327642151933
0.9462001041597303,0.3520881339063439
0.08746913602287293,-0.3212911651029384
-0.164692156775212,-0.36624751115936927
-0.02378663223672858,-0.18247201566700022
0.7610701037610361,0.23380303513413242
-0.2325152118765673,-0.13518648638380165
-0.8973965782773553,-0.023867679441156815
-0.1475890613236161,-0.49287529752972603
0.7192746202271099,0.03678131972674237
0.7009792682303828,0.46216205435538404
0.8903454154802032,0.4141221166944185
0.8852875663978276,0.45643804128985876
-0.05186620774361289,-0.8195045687519251
0.3857154712440034,-0.5046931687480847
-0.06693579627809404,-0.031215228139808718
0.2014277676699386,-0.07612639727617214
0.4147962641730913,-0.2844346573551566
-0.3552069203674412,-0.3072485031006172
0.7843544925934139,0.20540063494779598
0.7364032220986256,-0.27941924088635217
-0.018129703042377578,-0.18968855398661996
-0.41168370745893074,-0.2757685085972934
0.3956224126798316,0.10735618861002047
0.3000119065516333,0.23815090124246713
0.4915109831071225,0.37066258444984995
0.8324397415181156,0.4737999819010359
-0.09419961298457076,-0.1956078797611689
0.15150023566371898,0.027425814022275036
-0.03779915929330122,-0.5198416360659853
0.19247114190195408,0.16983548836841744
0.7292437139183197,0.011599354592419155
0.1347120336933906,-0.10529033849354262
0.5292125484304474,-0.1349951761405508
0.25892529164883343,0.037167077334622795
-0.9142428444898343,-0.5441296657968927
0.3273204103439466,-0.6989058522665819
0.13801974187267604,-0.32311793442754494
0.3819923076065282,0.13753630531339234
-0.4428877104710154,-1.025331564779266
0.7099651959712157,0.3665172361157606
-0.05994286011015498,-0.569685402532602
0.467339538689119,0.32113749297803085
0.24257311034984286,0.12331344422044684
-0.11134118059396644,-0.5576945580743712
0.3778634580850671,-0.06603364787195896
-0.3279903354618273,0.12472774187354474
-0.726565859673478,-0.3439584051957895
-0.3514625259544357,-0.3600565988028874
0.1795431034777498,-0.08094038390485256
0.16760918273720524,0.16656731795574678
0.6086364311118726,-0.045234911573845606
-0.14560271933813673,-0.29180892443365547
0.2574671070428362,-0.09634454161465213
-0.741683314817217,-0.7080128640011338
0.3000119065516333,0.23815090124246713
0.5641982395754398,0.1219442331221945
0.177243262005152,-0.5242302943949926
0.3159839001710443,0.24992991347717805
0.45442438106655186,0.1583232214537555
-0.4568169444612608,-0.37912874371692395
1.1721760240719439,0.6393466756769688
-0.14843201429826858,-0.05129218862652498
1.2176047179540348,0.42979299773065016
0.2585378770416128,0.025508033802237543
-0.4473778536488808,-0.5762309969984329
0.5846139927045992,-0.13008346440344204
0.15150023566371898,0.027425814022275036
0.7508218841328703,0.23637224281470456
0.875681926607951,0.7876938406880931
-0.24567865553070625,-0.4479479924643014
-0.36510887411042914,0.03669763895246883
0.14117720075587029,0.24496028122843402
-0.5405020959835896,-0.0391779585248381
-0.308299518524052,-0.7661276838834128
-0.18215359066976053,-0.7291438554854562
0.10637357476563981,-0.46738490910641617
0.08542315345947088,-0.09659420524206244
0.4892006538421115,0.19791033180761755
-0.08140506232956919,-0.18574650199289855
0.9600178345331092,0.4620868808584765
0.8975437685614958,0.5756997570247859
0.47879330907481127,-0.25273303797079605
0.5094864964365784,-0.22811143439158335
0.24355819347969873,-0.28757085190121545
0.03368086783451626,-0.11067632666729768
-0.00508858197732573,-0.15779499791603419
0.04801441239000723,-0.4068162535786923
-0.3181925086635935,-1.0779554824290514
0.2491583870446807,-0.033261064184656346
-1.0126796960559097,-0.8297081659798511
-0.4008441157125213,-0.673447505891038
-0.16664900143044106,-0.09902396653044748
0.0025395763891664603,0.09917834479715046
-0.11921579727115333,-0.1908734632273286
-0.04142144881327591,-0.3596102398990735
0.4222699410631116,0.1673573395288232
0.9433168053809549,0.45294074236204274
-0.20181026278216707,-0.1504329676152894
0.007395376502436081,-0.2942581096379222
-0.41168370745893074,-0.2757685085972934
0.7759101401540727,0.8073070491771361
0.4795437867175354,0.186404146285853
0.85653460366184,0.5001878568377776
0.6438025946418193,0.38119589303280454
-0.5322764142240232,-0.47403145281514286
0.31100245301214985,0.5385797831725122
0.3073748545937406,0.09772891874767664
-0.6532654424324638,-0.2505113964916807
1.1309485228105707,0.3031927076334316
0.3797446462516865,0.17019758478039823
0.16445464293306253,-0.6313588938768063
0.650019049623161,1.0086460054417494
-0.2625061565393707,0.010446335191262437
0.4520299140555775,-0.3203966061419811
0.4499326476569434,-0.35673429405427826
0.27880955762429865,-0.22054488134951947
1.0478082294098607,0.8994590857344568
-0.1694550066014111,-0.04445541461908272
0.3956224126798316,0.10735618861002047
-0.24443328919389448,-0.9154194508494293
0.57874184469165,0.1691451431514248
-0.5663438608912511,-0.0879008665049996
-0.6183850209627052,-0.540880868621282
0.0865739666220548,0.08378759479873663
0.30448259463480787,-0.6419225150451311
0.9659696720183978,0.850128606056557
-0.659332550197024,-0.9192007830738023
0.12068355520101946,-0.21402638096767543
0.07867069180594828,-0.6906636944593377
-0.10258614936481264,-1.01745951320494
-0.40586818049239065,-0.4162308683401458
0.44582340200957604,-0.020286770729957278
-0.1824809399492576,-0.46386890991692803
0.3402923419628808,-0.12021945818143578
0.46058624338532966,-0.23394691786256805
-0.4079222554095223,-1.0082929841396528
0.3634586685063401,0.021482318778788766
-0.5290645766871698,-0.9355043663416355
0.15150023566371898,0.027425814022275036
-0.36727287619038096,-0.033321591240050095
-0.341354175403399,-0.5188525959587639
-0.11015624130157108,-0.7351668609384471
-0.5593090265869846,-0.45671103080849
0.25713301304883257,-0.19180791562977112
0.8165362705716245,0.3806970688228352
0.6380409363223528,-0.04773103618441687
0.8183569546918398,0.341671954761273
0.5418791116346696,0.22955728595558153
-0.4607372082808981,-0.9446738788995599
1.4037657601515585,0.2446617423532669
-0.1545213519973642,-0.5018162505024206
-0.1938429157695762,-0.29202938752644864
-0.4781624345777231,-0.4102792053357045
-0.12315629433067414,-0.5320405653674392
0.1420267708019645,-0.2400666002371657
0.2348080449848316,0.15561060597749124
0.02292043504571362,-0.8438722894345595
0.21533747785300977,-0.2443678102996344
0.1945860949239864,-0.10198753534537909
0.6194621756116669,0.5055379553292002
0.15150023566371898,0.027425814022275036
0.4355875772476329,-0.21113214400454283
0.042970266102583615,-0.592810781675764
0.8488406318662473,0.1265333088899311
0.0649707405659256,-0.4176490228649294
-0.12916620527129408,-0.3910774968012858
0.4491489600985439,0.6414514300461787
0.028325292999817724,-0.04301387388698135
-0.5802330110250816,-0.5973063151334729
-0.3565407375609677,-0.2920265935058986
-0.3948143216251814,-0.5265515665125139
0.2392300353091579,0.6016376774482446
-0.6436614105988813,-0.9588708747583482
-0.2215896146521588,-0.6947030520404853
-0.025389299603172596,-0.35847337064690016
-0.3930263497870192,-0.23753275311679473
0.18224281156809116,-0.17282720741485755
-0.4229506689846033,-0.6427267738168497
0.14035938006251483,-0.32736899914348294
-0.5937267756595866,-0.6360427747865676
0.7904740409018224,0.592831971313948
0.6531141359155144,0.6109545612506179
-0.16113104734537173,-0.5730495036874608
-0.8272034846074625,-0.9905658562108823
0.004248552789457314,0.2297703918964639
0.49087314735250104,0.47331486774026393
-0.2499143503697387,-0.726429186061413
0.32664393536163855,-0.4272619687121373
0.39631746589802347,0.11591502131575777
-0.934781671978651,-1.0897833757015152
0.016228536238860357,-0.41057572662001524
-0.8246215187982622,-0.9022354934860679
0.026983740579961363,-0.4873219443721022
0.01968803774043619,-0.36069086644349235
-0.03273463780690359,-0.37572719965820234
0.9205229577411188,0.18392938863537034
0.15901420740320105,-0.10110766438143391
0.08225579634166158,0.032481533638982985
-0.11921579727115333,-0.1908734632273286
0.0025395763891664603,0.09917834479715046
-0.9867023780005834,-0.9731758560249324
0.4254529470355223,0.11698836491979661
-0.18336664760368418,-0.7108453488582863
0.09139439208515464,-0.38835964992208666
0.3817809067729657,-0.5441610735955917
-0.54159548431009,-0.7039178265419817
0.0681592238129267,0.20435721762419146
-1.0551483885551056,-0.33167022768933185
-0.14843201429826858,-0.05129218862652498
0.6973781202985593,0.07650211305300393
0.2585378770416128,0.025508033802237543
0.17247007756140004,0.21233534252185224
-0.058768962437273024,-0.6324019659430978
0.41822592549277426,-0.055077706931851475
0.35248407664464393,0.5734399467602378
1.0165251505541557,0.5946564497360477
0.2118012004537157,0.11316272397116807
0.06690875840272889,-0.6047388308838763
0.2996194475863757,-0.08432176346410673
0.4608782016226414,-0.21148081638350266
0.5304671685003899,-0.5614647363287505
-0.2704091320331219,-0.5615567694066488
0.42982959582663033,-0.07475684122121301
0.27293816188347475,0.16400966460231306
-0.3809766687592236,-0.710745307281186
0.07867069180594828,-0.6906636944593377
-0.43261994168474516,-0.7684288974092106
-0.2705838933657256,-0.588209025305386
-0.12392501160440006,-0.40440486729055697
-0.055324661512758784,-0.5493260924577708
0.13205685518795543,-0.3695402453833666
0.09380634778495091,-0.38403364584825084
-0.4429717790076345,-0.6299279646590055
0.27293816188347475,0.16400966460231306
-0.06514123134519932,0.016247769512458175
0.7022789004182691,0.23336277213473708
0.27284905303397716,0.7660575788429047
1.5045801858196368,0.5543820973595903
-0.16424488329819337,-0.1317408249316225
-0.23178321046382383,-0.5834861751758571
-0.08135581302387461,-0.5598890388491988
0.27293816188347475,0.16400966460231306
0.45567697437108784,-0.6797366968942573
0.27293816188347475,0.16400966460231306
-0.7182350779073584,-0.5670082924548675
-0.3552069203674412,-0.3072485031006172
-0.16085425904101608,0.059914807382426674
0.08873129014527825,-0.36381094854872204
0.6410835157928493,0.36102556635488214
0.08542315345947088,-0.09659420524206244
-0.4171429839195076,-0.4505187889471754
0.5549810130578956,0.15672336297788247
-0.17767384024531094,-0.7251554502027203
-0.5432240963174868,-0.22738067863455627
1.3104990097040434,0.31039852850199084
0.2585378770416128,0.025508033802237543
1.0376578100932363,-0.08720756707342124
-0.5392174615976892,-0.5152833562496731
-0.2795511315016507,-0.1077691762849121
0.6380409363223528,-0.04773103618441687
0.5083798946551779,0.004861356159381728
-0.22005547923523142,0.39837053632566005
0.28102455817850064,0.04903794100906846
0.01701565787027895,-0.14120876446691122
0.23074135622442335,-0.2883518041341065
0.0025395763891664603,0.09917834479715046
-0.8921470383695476,-0.8981981937437661
0.2017227263879717,-0.3129990882895757
-0.3734290547247195,-0.7984756061164654
-0.4012314042428527,-0.25370866278454796
0.3000119065516333,0.23815090124246713
0.04512163915654782,-0.7959083989180488
0.1072528577351701,-0.613643429802707
0.5280160883316509,0.7560947180987836
-0.007224568881009159,-0.2593812615196626
0.02121564950496959,-0.6450299939532842
0.7185169954950497,0.09079294523049412
-0.19628015340364907,-0.5941638917794672
0.7117758154375267,0.3215897768051593
0.35486600618862574,0.4415050512510112
-0.341354175403399,-0.5188525959587639
0.46993480980984137,0.3865520809370478
0.15560482887201185,-0.19392842157760135
-0.0867716611905483,-0.36273741873661725
1.0280954876020632,0.9013053026582846
-1.0801220349731286,-0.684334359217326
-1.0486092422288535,-1.0261810031054865
-0.3635462583043065,-0.970648112886655
-0.7103437711614755,-1.0166531733818693
-0.2777127213393873,-0.5813996364071292
0.07816962436139005,-0.6165682863411331
-1.0801220349731286,-0.684334359217326
0.3695855638610891,0.10369565471115108
-0.1874828088136195,-0.38609839384660505
0.24728047086559074,-0.21657712865075518
0.06639394791461464,-0.2114821640752088
-0.43039341950073395,-0.36977748997371224
-0.042617525859964714,-0.41742658423712004
-0.3404282811055805,-0.9141873097836425
-0.02378663223672858,-0.18247201566700022
0.31162043962527436,0.11343060004083477
1.1764613965041248,1.2325985964252373
0.29312955189062423,0.4006772208101638
0.9557911673885711,0.6360616377763298
0.2118012004537157,0.11316272397116807
0.838779140599462,0.16178659136962387
0.5997245301274838,-0.26180439504489267
1.1331282131510274,0.11433338474850353
-0.2417934017952112,-0.9498825850535091
0.05383826506441723,0.27396449911470255
-0.28402936877034124,0.25970607070088536
0.339240665816478,-0.2233071359488255
0.38988480657829433,0.2974580358403204
0.15150023566371898,0.027425814022275036
-0.39608855614698263,-0.33498801514445686
-0.11353127787197974,-1.2636608364276427
0.5041350844431454,-0.1308413451716536
0.9261745458803765,0.8896096542008278
-0.5390844158764412,-0.45636183549802195
-0.6936203098182887,-0.15551671332469835
0.6388101535039289,0.386924944608327
0.2548592421761253,0.6886554894189676
0.07805727038496042,-0.8201816069410124
1.0995979414182917,0.8731950644980543
-0.14843201429826858,-0.05129218862652498
0.3259178708990343,0.38249513876830543
-0.3849123133057114,-0.5430145801568478
1.017969625335576,0.3093467049078121
-0.29951415249570457,-0.4749530795207091
-0.04487850225667717,0.30629359406232093
-0.18995713869511033,0.2634880475999713
-0.2918533940809664,-0.1663406911153059
0.8422558544339361,0.1920329605992331
0.6638304057974852,-0.1908411333539103
0.002500040270723537,-0.17161580770461285
0.6903849230559903,0.07269094915336083
-0.1773168007684265,-0.26955867744806566
-0.4523633129365233,-0.3245221386573136
-0.22817372838844094,0.01941959414397686
-0.0942180190717673,-0.2649881404411505
-0.11798571162732484,-0.7133958102811643
0.4213978724408278,-0.22788497348022738
-0.00010669055589448251,-0.8098753876829347
0.8324397415181156,0.4737999819010359
0.5121316194542106,0.07744355558684701
-0.02359889067402124,-0.48605425972681293
-0.5036787705056409,-0.22995086046060464
-0.2795511315016507,-0.1077691762849121
-0.9142428444898343,-0.5441296657968927
0.14260963056601061,0.0344943860372948
-0.5236957813345025,-0.6066083335987982
-0.17767384024531094,-0.7251554502027203
0.7117758154375267,0.3215897768051593
0.004248552789457314,0.2297703918964639
0.6710662896007346,0.1523637813987672
-0.7182350779073584,-0.5670082924548675
0.5280160883316509,0.7560947180987836
0.14968115075133806,0.28099080011476835
0.15150023566371898,0.027425814022275036
-0.5174657389666769,-0.09322186655699159
-0.7538521060612209,-0.6584321957633028
0.8728816544114192,0.5143621091627828
-0.10918014152305937,-0.34784714478555706
-0.2352405103341745,-0.38025829973042313
0.04093728812592397,-0.28734017662139016
-0.07708114388761123,-0.2972002879604614
0.5130159400697732,-0.5514887525384471
0.3387209802048345,-0.18241979335519043
0.3273204103439466,-0.6989058522665819
0.47468730236203965,0.42301875225287644
-0.5380801938179097,-1.0414167576811284
-0.299650476555077,-0.5594322823981945
-0.9142428444898343,-0.5441296657968927
0.04093728812592397,-0.28734017662139016
0.3467357850956732,0.06245713670598581
-0.2024081541040489,-0.7451397353100029
-0.09146421550089066,0.4321293149992014
-0.23178321046382383,-0.5834861751758571
0.17689413341495608,-0.20058082766104995
-0.33200642967751826,-0.34311590690500643
-0.1362110802520731,-0.574646725028311
-0.03568764230735151,-0.0993855315095519
0.2850832685902844,-0.26300675699228837
0.1776171867034688,0.0712016488523314
-0.35237419913057855,-0.913680947830184
0.07867069180594828,-0.6906636944593377
0.22608119230261722,-0.0529947816258072
0.5027295898464238,0.4203006083699509
-0.08135581302387461,-0.5598890388491988
0.10880430641085968,-0.18856597370424055
-0.23178321046382383,-0.5834861751758571
-0.14843201429826858,-0.05129218862652498
-0.15552116720043876,-0.6853400693536019
-0.41378359237529516,-0.5865631204130377
-0.045981875979995236,-0.3262210242024342
-0.04047913374694037,0.25962859625251183
-0.16744846751856207,0.24048606035824505
0.1601272583399728,0.8613339930109777
0.8728816544114192,0.5143621091627828
-0.10918014152305937,-0.34784714478555706
0.355997018606578,0.08258830143580122
-0.63425942738788,-0.004470615235925457
-0.3461025805989678,-0.6609248510552086
-0.4568169444612608,-0.37912874371692395
-0.11015624130157108,-0.7351668609384471
-0.2005270538125741,-0.31891656781361527
-0.07707438997421369,-0.4994077496788155
0.46094872297561124,0.07374794547273976
0.2591336484049369,-0.27247943718411555
-0.49806842090253084,-0.5183573403423116
0.12882420111920123,-0.03518098989057971
-0.2352405103341745,-0.38025829973042313
0.4612801503219113,0.3534087213922256
-0.06559022306707574,-0.3151218047230671
0.9177246229548001,-0.34391447190540125
-0.17767384024531094,-0.7251554502027203
0.29802034145192846,0.3496324950963096
-0.1520842951176042,0.029508640297635096
-0.05784321218749855,-0.20322499974460967
0.47879330907481127,-0.25273303797079605
0.23549838978208748,-0.15739150556375528
0.8443790617906819,0.4261406999309231
0.5465457905897633,-0.4819272162114397
-0.4428877104710154,-1.025331564779266
0.6173495377686714,0.6525152065077121
-0.21974380436948684,0.2801430882997931
0.31747434275297076,0.04634518845656438
0.57874184469165,0.1691451431514248
-0.22487730750079205,-0.4682727404230155
0.4930525205968588,0.5489242097661013
-0.1774641890687154,-0.5160196708389521
-0.30530265351282365,-0.32017759586288763
0.06639394791461464,-0.2114821640752088
-0.40473305439087254,-0.7332239580988681
0.07816962436139005,-0.6165682863411331
0.6806183581069818,0.2423722262190789
-0.2795511315016507,-0.1077691762849121
0.20687077670684242,-0.36405694579870584
0.27165964421249383,0.28344158952291726
-0.38878033676381835,-0.5403481589028329
-0.5392174615976892,-0.5152833562496731
-0.20838584566652,-0.1914284340754603
0.19504005073548503,0.31813937029599726
-0.050545564105336525,-0.1448381002130471
-0.39753059854715156,-0.3342880841085367
0.004248552789457314,0.2297703918964639
-0.040061952805666774,-0.32214267745763153
-0.11134118059396644,-0.5576945580743712
0.3417354107897549,-0.20247889176348824
1.4037657601515585,0.2446617423532669
-0.3461025805989678,-0.6609248510552086
0.11059705620045991,-0.2089853981233175
-0.1205360354452542,0.11725428728025931
0.007040987734919589,-0.6369027739251126
0.8358524769314184,-0.03614786631074878
0.04333061278292791,0.030575738314600233
0.04801441239000723,-0.4068162535786923
-0.510733406463148,-0.7704327587060357
0.3634586685063401,0.021482318778788766
0.1686114458465433,-0.27122324025804134
0.7301776464156466,0.1544792903325081
-0.5868914951562896,-1.0031682403553974
0.061362588634468536,-0.9845020363361067
0.11182051772280072,-0.3190381219470749
0.2017227263879717,-0.3129990882895757
-0.3463480472401505,-0.14368152832221684
-0.40586818049239065,-0.4162308683401458
0.2064762937800121,-0.8848222494552173
0.41822592549277426,-0.055077706931851475
0.06690875840272889,-0.6047388308838763
-0.663372119165786,-0.6676447510651045
-0.3849123133057114,-0.5430145801568478
0.18021059431759148,0.18734087547779166
-0.7232739862661239,-0.7091213786153502
0.39973393188443945,0.09594405604264163
0.27283502641281726,-0.17911330248334978
0.32945033908620713,0.08301014735382671
0.08225579634166158,0.032481533638982985
0.4582176162058751,0.43839250365652127
0.03863812627158486,-0.9821519777802052
-0.07463023602742185,0.03150268880563564
-0.2749113723110184,-0.8175446657308235
-0.1773168007684265,-0.26955867744806566
-0.5390844158764412,-0.45636183549802195
-0.008436432035181428,-0.18247619924015585
-0.2403640334130554,-0.6161633249478914
0.4000144930962123,-0.27825820412493
0.02335524719768013,-0.25882752583907404
-0.6297320056860212,-0.2653285947207114
0.2918576925551998,0.3724372608347378
-0.02954306207199948,-0.4837206583120004
-0.18995713869511033,0.2634880475999713
0.4226324881922539,0.7067696750926433
0.43445562692088935,0.48837496935224556
-0.1773168007684265,-0.26955867744806566
0.4111169606674909,-0.4837601013504907
0.46329132292088465,-0.16155266321630787
0.1262972987460895,-0.11136258230531772
0.508058810293345,-0.23107952716869984
-0.16424488329819337,-0.1317408249316225
0.26122045865100896,-0.1548649309502794
0.7896942073233927,0.4490310446869563
0.29802034145192846,0.3496324950963096
0.8362599046228506,-0.0751824578689885
-0.23178321046382383,-0.5834861751758571
0.2585378770416128,0.025508033802237543
1.0077533807149701,0.28373499892681675
-0.6418089874421294,-0.6748401765649154
0.382209397261663,0.12400160321562811
-0.09892218691411374,-0.8864836678128479
0.3819923076065282,0.13753630531339234
-0.3289337588544879,-0.12642245081199635
0.24918962172308895,-0.019719260304768657
-0.005247667613970538,-0.3969863485194695
-0.4073997925422148,-0.7076018018254758
-0.6240934975282696,0.10621726546028862
-0.037386451677546256,-0.6925600438605855
0.2585378770416128,0.025508033802237543
0.1802714493947914,-0.3680723309184669
0.3553875984712181,0.13889837542388805
0.15493936379952136,-0.030155151065443954
-0.3235405700346257,0.16297006735976496
0.762493269243046,0.28633818215135914
0.47879330907481127,-0.25273303797079605
0.15341154441561497,-0.9424284090518129
0.5899579913618502,0.04652289006217234
0.762493269243046,0.28633818215135914
-0.30411414460810293,-0.31377805438847445
0.12882420111920123,-0.03518098989057971
0.2558051772804971,0.3235239519142052
0.8422138038672418,-0.16631726368525426
0.05765960861818902,-0.5637338664498696
0.5429161769117951,0.0532677320592909
-0.4544252331047848,0.19409242421192793
-0.868356514184163,-0.7137293816922452
0.5693277814637093,0.4138971628298049
0.3956248462042353,0.23666813748864152
-1.0753915101826768,-0.6857285304841436
-0.16931156834421357,-0.46354367163373367
0.21342606347877693,0.2033854447709627
0.3467357850956732,0.06245713670598581
0.2625026230109378,-0.37543182690944976
0.5864623953703277,-0.14373373317044943
0.15560482887201185,-0.19392842157760135
0.7508218841328703,0.23637224281470456
0.03152647702734117,0.2064267737076882
0.27293816188347475,0.16400966460231306
-0.9145655276619994,-0.9866777528059878
0.6344798438021634,0.16382452205731504
0.2597003080044021,0.2596323791550562
-0.44833974585401676,0.09477522729743298
1.3053527948020345,1.1932876218628448
0.6710662896007346,0.1523637813987672
-0.30383404069418257,-0.39293377132391716
-0.3975797843819819,-0.38181329059861746
0.745986399437419,0.2656193764365085
-0.2005270538125741,-0.31891656781361527
0.37117703823809833,-0.1259834908532006
1.0498606455913537,0.7536395760086045
-0.09192634958232464,0.3603264464953094
0.2930075157903163,-0.13999649068395342
-1.0702668845474315,-0.9139855840426584
-0.2916540792275808,-0.5763971762218467
1.0077533807149701,0.28373499892681675
0.5265196289145192,0.3865160179719593
0.8165362705716245,0.3806970688228352
0.36081965022593915,-0.0686679178071834
0.7793733935409237,0.039241652693400846
0.6396698032150505,0.5089366237645886
-0.4141890888682416,-0.3537669247253907
0.043013583593667325,0.5679071991686899
0.1490679549003787,0.41933083143695254
-0.18540123629110927,-0.1968341806284167
-0.28206621625309336,-0.60522443870451
0.20799017039872247,-0.03228911562273563
0.11059705620045991,-0.2089853981233175
0.5121316194542106,0.07744355558684701
-0.41346138973677077,-0.7204401226926421
-0.6297880689618903,-0.5011165397909834
-0.5972015287650383,-0.5795695423571968
-0.22005547923523142,0.39837053632566005
0.15069047223508447,0.20133355257224
0.29652101901897054,-0.3502677889962533
-0.09458453085416094,-0.33052813539205755
0.2528960987014578,-0.09861966654426947
0.9286136543246232,0.22025637285768368
0.4274131365214653,0.18746576289777583
-0.22585310056064997,0.16002276879123317
0.4397762504650622,-0.5920915393164264
-0.43939478039752977,-0.24231044384624417
0.5432921929947145,-0.041195363345823015
-0.6042583517976181,0.16467140178418352
0.06980027045901341,-0.03611411943607857
0.6247476088821838,0.020153302156639196
0.09139439208515464,-0.38835964992208666
0.33354361496490453,0.002565148694453898
-0.5845269230543663,-1.3326574757987826
0.5549810130578956,0.15672336297788247
-0.30534554494435673,-0.6820896654206392
-0.4150626713230779,-0.2710764837979144
1.0069741961792262,0.18556061942081603
-0.1791569597223603,-0.28958978857359985
-0.08140506232956919,-0.18574650199289855
-0.7182350779073584,-0.5670082924548675
0.03436582042687234,-1.0195710913451121
0.2152925562084866,-0.25030215892549645
0.04093728812592397,-0.28734017662139016
-0.34022356086750705,-0.899574054898012
-0.4852872353538655,-0.4645116613737789
-0.25637283887863677,-0.7519476804528192
0.24798114028977258,0.46753528617915213
0.05706446006410567,0.46512440752666123
-0.07116440606318532,-0.6473857725085391
-0.44577093020338376,-0.26668499653890004
0.03022350091995726,-0.3351972989578382
-0.13230973245709599,-0.507610507295577
0.1686114458465433,-0.27122324025804134
0.7307965373741964,-0.3150706462397127
-0.09358586613286396,0.08344477740454238
-0.3939271048969608,-0.34775043791927546
-0.6580377421423514,-0.9396240223902632
-0.414245233139184,-0.7990359752214746
0.39973393188443945,0.09594405604264163
0.5580071671016367,0.053837339666873076
0.6404771584776832,-0.28454888793346356
0.7251798392715086,0.6604748513602681
0.6070726030941593,0.11500557081430078
0.745986399437419,0.2656193764365085
0.31100245301214985,0.5385797831725122
0.32945033908620713,0.08301014735382671
-0.22792482382915139,-0.5232332008498739
-0.5094838329640141,-0.6378735821074343
-0.36270906768044336,-0.6171258425292274
-0.07553569455314228,-1.0347235204949117
-0.5986611606611313,-0.9865042567955995
-0.6449562578295572,-0.919551417795861
-0.5986611606611313,-0.9865042567955995
0.8742510019751544,1.1305742092411126
0.10066648714426611,0.12738651153014266
0.47643101383414993,-0.3679663587388684
1.1331282131510274,0.11433338474850353
-0.3461025805989678,-0.6609248510552086
0.17963056759089646,-0.6337400396038817
-0.36083995247145806,-0.4734165972026619
0.2458189609403175,-0.5093455793585504
-0.267066863908609,-0.28886757570856236
0.4608782016226414,-0.21148081638350266
0.05000291898221005,-0.5505823344939929
-0.19327552847274723,-0.7739373830542335
0.00919090594903001,-0.0005164996512242603
0.1862337173803119,-0.5449015991629307
0.8650920055304406,0.4152808371469283
0.38790545102293383,0.19581038838626552
-0.4400349545253402,-0.7401113783993947
0.2265420808479776,-0.2582827138759279
-0.7741209592873605,-0.8061189149533416
0.33983924355863315,-0.2410633852994236
-0.02954306207199948,-0.4837206583120004
-0.019968131939342583,-0.03259154611199911
-0.26201225839017317,-0.27911011603673985
-0.6045823856449118,-0.6391980266311355
0.3159839001710443,0.24992991347717805
-0.2705838933657256,-0.588209025305386
0.27283502641281726,-0.17911330248334978
0.9757191556788591,1.203232887518449
0.3778634580850671,-0.06603364787195896
1.2107026789675925,1.1026972633055359
0.02335524719768013,-0.25882752583907404
0.11402073189352674,0.026058765869003176
0.08746913602287293,-0.3212911651029384
-0.36510887411042914,0.03669763895246883
0.26101976915556124,-0.7332234896907036
-0.18085158198683002,-0.23311019601509256
0.4662821327906302,0.05930786377608768
-0.4852872353538655,-0.4645116613737789
0.9104722236945446,0.8848645216756955
0.2625026230109378,-0.37543182690944976
-0.7571760833226031,-0.41348907225201054
0.059044386980152706,0.023940425513502967
0.11951834608096291,-0.31057661246769314
-0.04265190461265053,-0.17748831635938828
0.9897435835572911,1.0920524349841876
1.0084597394250694,0.2368994469967481
-0.4012314042428527,-0.25370866278454796
0.8650920055304406,0.4152808371469283
0.1214365136524934,-0.06528307985592088
-0.13100010925408942,-0.49748256342061464
-0.040292441328336516,-0.07698798369445102
0.27298543792343954,-0.06114656090704593
0.2898743578679143,0.036206907420982495
-0.33961307166749444,0.1523611084499043
0.46454044472210926,0.44425058366484826
-0.45154120103980877,-0.5151384399483913
-0.32851405363189284,-0.3790949810401279
-0.06693579627809404,-0.031215228139808718
-0.23178321046382383,-0.5834861751758571
-0.5114773723142348,-0.3451033068812198
0.07816962436139005,-0.6165682863411331
0.46499325590086427,0.07875965529560075
0.24454006466536277,-0.03606551292775732
-0.10809957349400151,-0.5799335045416579
-0.3345547951128484,0.10931098874947745
0.4222699410631116,0.1673573395288232
-0.1475890613236161,-0.49287529752972603
-0.19167514262427393,-0.6615131943526946
-0.486160915187222,-1.1070992713013887
0.300531125261043,-0.871843628862972
-0.24696909864799607,-0.9054533580772092
0.13444407228300248,-0.034089870650044346
-0.4634841690754964,-1.274213604460051
0.4044937287217948,0.5303749339488681
-0.32851405363189284,-0.3790949810401279
0.36018866935829336,-0.05973763488596143
-0.03612282995004931,0.19533004209367083
0.7307965373741964,-0.3150706462397127
-0.22005547923523142,0.39837053632566005
-0.3672938743326195,-0.3844909593197242
0.3235712726364627,0.2100961963282566
-0.4436797902082882,-0.07437831538743864
0.6499843633280462,0.23003027421284397
0.31100245301214985,0.5385797831725122
-0.04835492763900659,-0.8709738820404263
0.44329201502353044,0.30744698291371536
0.03988245430347171,0.21245859792639776
-0.33883960945337577,-0.3979526106811497
-0.020282673384843193,-0.701514886980626
0.48051118946752674,-1.109889454219446
0.004295124846767543,0.44793531744285503
-0.33864576692335957,-0.265272003750626
-0.10775489849233319,-0.010688540831483163
-0.7556278177101028,-0.7507662556510918
-0.4429717790076345,-0.6299279646590055
-0.22544758388595093,-0.7327626868957546
0.597274191543111,-0.23521422190020316
-0.34432769192564194,-0.7331909544209815
0.901055501248435,0.0769671847298539
0.18761469808657694,-0.2810219216223952
0.01160021381738103,-0.3409768430988369
-0.4416168959550672,-0.4543869203082776
-0.41725887044047333,-0.4537624829254593
0.3956224126798316,0.10735618861002047
0.5288780589570024,-0.4502284942480812
-0.20457638444570367,-0.6481646776999253
0.6082585768825676,-0.2709856942062148
-0.7328208192100498,-0.728572334976206
-0.26201225839017317,-0.27911011603673985
-0.24001087688464726,-0.33429969097831264
-0.1545893600839098,-0.5080169796262688
-0.019968131939342583,-0.03259154611199911
-0.2352405103341745,-0.38025829973042313
-0.0442529438305352,-0.3403212748379081
-0.9392374645339306,-0.735296388297908
0.04093728812592397,-0.28734017662139016
0.5960173521105886,-0.3742645159089736
-0.20967411309918596,0.1947407319862725
0.896386429845877,-0.036412180295997534
-0.33190357977282325,-0.46044719226099645
0.9101694412966559,0.7260187622436637
0.09189795278283253,-0.32969210785739
-0.30411414460810293,-0.31377805438847445
0.44640034400708417,0.03603074036414034
-0.20550922533221094,-0.3568299765388273
-0.019261334490344336,-0.47514725137907426
-0.7268157884407515,-0.7591758217052532
-0.6082194189363368,-0.4007438865257923
-0.4894460130521883,-0.7409525298184324
-0.7103437711614755,-1.0166531733818693
-0.6586386745132786,-0.9419286123584762
0.24862594878003189,-0.4623236186206406
0.04093728812592397,-0.28734017662139016
0.2961140706536559,-0.17692543482400097
0.4739409143317138,-0.16352717615773038
-0.4519003835229867,-0.6172910671599381
0.2749749435124094,0.027916619076046638
0.09139439208515464,-0.38835964992208666
0.3159839001710443,0.24992991347717805
0.14920582040506752,-0.5719257226572046
-0.43274954465613485,-0.3280654182986724
-0.9854264781409564,-0.9683835708396679
0.1684194376461923,0.12052856929316544
0.45442438106655186,0.1583232214537555
-0.11914351270769576,-0.4505344118049635
-0.20838584566652,-0.1914284340754603
-0.00983654433635048,-0.15375293003400203
0.18126746412008568,0.061981894562601836
0.17408215080090778,-0.41093378685442356
0.09139439208515464,-0.38835964992208666
0.5374934350745636,-0.5249785771180983
-0.4012314042428527,-0.25370866278454796
-0.3460223681241876,-0.5952692818856707
0.2516980206685519,0.5670545636079617
0.3540741741312107,0.4909074946426727
-0.033211829360451146,-0.027593839574729776
-0.27023114605545756,-0.5594518100772954
0.4623658713003509,0.15518109207650627
-0.03520456609313975,-0.1950871682563876
0.2351332219956163,0.7188040163542098
-0.7482880866999411,-0.7813796568858838
0.5094864964365784,-0.22811143439158335
-0.5852408000564232,-0.7599746720467864
-0.48485186213611114,-0.4196568598320127
0.48544330478176156,-0.22604775562625942
-0.17767384024531094,-0.7251554502027203
-0.4246913900811738,-0.6217708283855788
0.3634586685063401,0.021482318778788766
-0.33961307166749444,0.1523611084499043
0.2017227263879717,-0.3129990882895757
-0.9174006448317015,-0.6646777640451208
-0.8236087805155542,-0.33098107497569906
-0.2343130660799358,0.12747876405639022
-0.43806362742169225,-0.25864632137756166
0.7080967998093771,-0.30911159673295985
-0.004004606002789869,0.005052522079344207
0.4411822371852774,0.2726859804420313
0.5481461562594893,0.00715596691029673
-0.07759786529408882,-0.2950526570108281
-0.2373733916797235,-0.034198526080310494
-0.20967411309918596,0.1947407319862725
0.23666372411355238,0.4134420568432828
0.4475983776939751,0.19049231337407155
-0.4928950955772462,-1.1335451030250887
-0.24771229328660996,-0.6485585904663987
0.7192746202271099,0.03678131972674237
-0.5236957813345025,-0.6066083335987982
-0.5267185739416509,0.12725649841095543
-0.20967411309918596,0.1947407319862725
-0.5543094628567622,-0.3400226784260878
0.3000119065516333,0.23815090124246713
-0.5257278499108495,-0.4151063818941271
0.050770577743537854,-0.3538598879868588
0.4470063590057649,0.10511988593768942
-0.1475890613236161,-0.49287529752972603
0.8443790617906819,0.4261406999309231
0.16603631277185113,-0.5560997929734082
-0.36454603077817926,-0.5981204468162009
-0.2875011963475656,-0.4611416226804477
0.7360958794734274,0.45100705367488886
0.15210758535014968,0.13933224030238245
-0.22005547923523142,0.39837053632566005
-0.5845269230543663,-1.3326574757987826
0.48051118946752674,-1.109889454219446
0.5213467917377145,-0.1060897401501235
-0.5892603732796269,-0.7696768154321346
0.9744135073369451,0.45769601278740735
0.3417354107897549,-0.20247889176348824
-0.011836844392073538,-0.6574272309798117
1.1273077300542418,0.7865826887432991
-0.36641491799344883,-0.8944585846096881
0.2961140706536559,-0.17692543482400097
0.36677259640881543,0.07809298011890443
0.6330724967602371,-0.2663329479500818
0.3137946987433661,0.03971425554068746
0.41822592549277426,-0.055077706931851475
0.5859341347284621,-0.29115026235471403
0.04093728812592397,-0.28734017662139016
-0.3719179201019084,-0.42530955714951324
1.452563538105882,0.3749806181122342
-0.49303312189828097,-0.029560480620669245
0.09002279496431558,-0.6358981083522498
-0.7182350779073584,-0.5670082924548675
0.6330724967602371,-0.2663329479500818
-0.059586515158054985,-0.1782667091068987
0.37497047495982117,-0.14248947868704087
0.3635168757247317,0.07704020146590038
-0.2215896146521588,-0.6947030520404853
0.013053694624883531,-0.3630994730158974
0.7905257902404448,0.2760594357858352
-0.35810043815665826,-0.9351938633801238
1.0474972094760704,0.8418414776762608
0.7229016469133205,0.2712871997678398
-0.024380588043606898,0.04914220096593681
0.4915109831071225,0.37066258444984995
0.2174780642977088,-0.4123447818964969
-0.42777626648560535,-0.012232110406974629
0.3273313666739059,0.027583509309818642
-0.19762673169935915,-0.49652951986210014
0.3827412537776686,-0.5840403931438496
0.2458189609403175,-0.5093455793585504
-0.0942180190717673,-0.2649881404411505
0.2064762937800121,-0.8848222494552173
0.3817809067729657,-0.5441610735955917
-0.3948143216251814,-0.5265515665125139
-0.30350603497417533,-0.5693741800724964
0.3778634580850671,-0.06603364787195896
-0.02278007083081374,-0.005339629432892243
-0.5257278499108495,-0.4151063818941271
0.4476598144927549,-0.43776259121592437
0.16393128875139065,0.5807682020995444
0.043274544353659954,-0.33924944930085027
0.59216686383226,0.036802403328326024
-0.32324261756948175,-1.1017705688033648
-0.05344053044447817,-0.6333842872331246
0.04093728812592397,-0.28734017662139016
0.6410835157928493,0.36102556635488214
-0.13820605880086367,-0.13906258987527273
0.6277178226602966,-0.11554195296908888
0.3817809067729657,-0.5441610735955917
0.7068108529786279,0.6788933743158689
-0.2700883686108301,-0.6332048115831954
0.41627482143657074,0.18126286392551894
-0.14560271933813673,-0.29180892443365547
-0.4781624345777231,-0.4102792053357045
-0.7032436058760615,0.1994985662025919
0.7769109923333568,0.059142556724050034
0.10880430641085968,-0.18856597370424055
-0.040292441328336516,-0.07698798369445102
-0.4473778536488808,-0.5762309969984329
0.08928630495071661,-0.09993419910905749
0.5423126530593427,0.3250019820647471
-0.2098625484586643,-0.7852948639723512
0.2778493506491436,0.09487708272367656
0.4213978724408278,-0.22788497348022738
0.44329201502353044,0.30744698291371536
0.11951834608096291,-0.31057661246769314
0.9177246229548001,-0.34391447190540125
0.09390447890976984,-0.6559821594951072
-0.09347770361176318,-0.22198248563558198
0.38291230312454316,0.5107921753043531
-0.02954306207199948,-0.4837206583120004
0.8371395489891453,-0.22659697675598806
-0.2752968423193959,0.31494734442453043
1.037058670658046,0.902927848293272
-0.25637283887863677,-0.7519476804528192
0.2775263021573839,0.08371126798503158
-0.4364451167152332,-0.20241924534164518
-1.0400103045405977,-0.6528870339210076
-0.1913391942746798,-0.10342617034657911
0.0674713565544227,-0.11308261879995435
0.02309629736751427,-0.20173511942511255
-0.31055894311264753,-0.1420608627206682
-0.4418360735481356,-0.5860715704645755
-0.11066421108389912,-0.21237008676195007
0.05872607931610872,-0.096100850397864
-0.5949457947709703,-0.982112641432881
-0.4634841690754964,-1.274213604460051
-0.18995713869511033,0.2634880475999713
-1.039659583344072,-1.6228759602745348
0.8397254557302903,0.5956240349677508
-0.004004606002789869,0.005052522079344207
0.7329238328882518,0.5214381826447646
0.10902921463323917,0.031139020059482117
0.10428202499600803,-0.05653090321734602
-0.36510887411042914,0.03669763895246883
-0.35594184913146615,-0.14114408565935968
-0.3814751045325489,-0.3544377811572445
0.1822874530722026,-0.47377362015843105
0.681670908697185,0.03229934415246097
-0.7268963691219552,-0.4539106012159448
-0.33961307166749444,0.1523611084499043
-1.239235812479925,-0.9567930228050462
-0.015048801846049637,0.18589753796557804
-0.2836010199294584,-0.5328005834846921
0.07982186806454711,0.2972626072316191
0.11886539772893037,-0.6575091605891662
-0.13448332621440381,-0.6624743130171588
-0.41755306548311394,-0.15874122992764966
-0.04836174555341675,-0.36983390286823714
-0.31191996319994125,-0.32694884481946496
-0.29147543467866077,-1.1421844200290256
-0.22487730750079205,-0.4682727404230155
0.1638688568345637,-0.0180469843003322
-0.051079016564006964,-0.24762373193520004
-0.4429717790076345,-0.6299279646590055
-1.0801220349731286,-0.684334359217326
0.5524748849616897,-0.09158256025149156
0.5484205462246706,-0.25666384917227975
0.57874184469165,0.1691451431514248
0.5370954503616953,-0.2310755582273324
0.15520106878015896,0.3203539297435822
-0.6255330851565908,-0.6580672758292192
0.060580296599614315,-0.6413097694409501
0.9177246229548001,-0.34391447190540125
0.39973393188443945,0.09594405604264163
-0.08140506232956919,-0.18574650199289855
0.18126746412008568,0.061981894562601836
-0.7107016509525919,-0.9519538422646632
-0.5690124167518649,-0.546351153537108
-0.20838584566652,-0.1914284340754603
-0.06320132075026237,-0.129770716858165
0.6781742036649941,0.6623414660352219
0.669605432103787,0.14885377582063733
0.25713301304883257,-0.19180791562977112
0.2558051772804971,0.3235239519142052
0.1072528577351701,-0.613643429802707
0.6688673259804725,-0.4722078734146222
0.14747210977954875,0.18899470691566334
-0.18085158198683002,-0.23311019601509256
-0.08928844890384326,0.041863169167250885
-0.1791569597223603,-0.28958978857359985
0.7295007549662214,0.6894752010819546
0.29802034145192846,0.3496324950963096
0.12458608293284762,0.34211986633208297
0.09139439208515464,-0.38835964992208666
0.3413409916758274,0.26274577307850683
-0.44834659629681733,-0.6043772481116146
-0.30383404069418257,-0.39293377132391716
0.5960173521105886,-0.3742645159089736
-0.29147543467866077,-1.1421844200290256
0.3817809067729657,-0.5441610735955917
0.11951834608096291,-0.31057661246769314
-0.6999147562885646,-0.4997692047160717
0.18761469808657694,-0.2810219216223952
-0.11497239012890796,0.13366367299515003
0.3101488707732521,-0.37212959655247113
-0.9136360454792034,-0.7952231651838146
0.03430508325548067,0.22115214496737734
-0.2402133949122673,-0.8520449927623913
-0.026648188759693648,0.2048111873235774
0.02292043504571362,-0.8438722894345595
1.0128091083331632,0.4999486812555577
1.003461933104198,0.8281350119454021
0.8011031020176327,0.8101132014779487
0.6531141359155144,0.6109545612506179
0.382209397261663,0.12400160321562811
0.25713301304883257,-0.19180791562977112
-0.5664442557237966,-0.3457402640002587
0.4397762504650622,-0.5920915393164264
-0.6240934975282696,0.10621726546028862
0.04890500159452123,-0.5366649392928249
0.28241145596374867,-0.003922697700725301
0.1756111465709508,-0.7402774311667855
0.22246980615498302,0.24747665214713785
0.47879330907481127,-0.25273303797079605
-0.02784046224137393,0.18313317739829316
0.6070485076184234,-0.08881636673519168
0.01871552370119509,0.11481298195443959
0.3634586685063401,0.021482318778788766
0.8903454154802032,0.4141221166944185
-0.7756519162461043,-0.6329974489338958
-0.6854238929925771,-0.7466339877318626
-0.30060505950459643,-0.5100414022177108
0.03632736906327464,0.3984654535309838
0.3073748545937406,0.09772891874767664
-0.5595098273361818,-0.9520392627163354
0.2585378770416128,0.025508033802237543
0.019654355465451565,0.16796642099482476
0.34635893316881394,-0.017670597010892033
0.4977261122219126,-0.28161949607356307
0.198522970029613,-0.211894279032558
-0.04575679218852566,-0.9121971537037197
0.4933124371245856,0.2384519180836499
0.45442438106655186,0.1583232214537555
0.19799707849751513,0.843688158742563
-0.461640163275045,-0.7334485391506559
0.22037008082264378,-0.5726439843317124
-0.2984263500200195,-0.7648648102045716
-0.02278007083081374,-0.005339629432892243
-0.7182350779073584,-0.5670082924548675
0.2558051772804971,0.3235239519142052
-0.00940238811513637,-0.11726365868569748
-0.17949881182850994,0.15484333682711224
-0.6998528683321489,-1.2380426109613765
0.17247007756140004,0.21233534252185224
-0.41168370745893074,-0.2757685085972934
-0.009445991426384177,-0.6628061503474291
-0.2731980416784424,-0.49130339045734145
0.04512163915654782,-0.7959083989180488
0.15069047223508447,0.20133355257224
-0.4341372769278293,-0.6068040521681582
0.1072528577351701,-0.613643429802707
-0.15413440299952547,-0.5724322538920326
-0.2875011963475656,-0.4611416226804477
-0.017716441114524906,-0.23689063784708986
0.3417354107897549,-0.20247889176348824
-0.661243243381678,-0.418175131446446
0.8021882751261521,0.28907119329123626
-0.44834659629681733,-0.6043772481116146
0.06300017509643505,-0.46378809890191763
0.9617963397672402,0.38568075258140433
-0.43505657748553184,-0.6105269635897916
0.4222699410631116,0.1673573395288232
-0.4473778536488808,-0.5762309969984329
-0.43522451999800216,-0.03938056549798703
0.11441252831329905,-0.5171147441059835
-0.03772519283709744,-0.29945897796968823
0.14682002371726638,-0.5432756169709848
0.17247007756140004,0.21233534252185224
0.05403021359490604,-0.3520209121798221
0.17963056759089646,-0.6337400396038817
0.23718138676400788,-0.24397743812421452
0.8184426043188558,-0.374386004521406
-0.3672938743326195,-0.3844909593197242
0.16760918273720524,0.16656731795574678
0.34635893316881394,-0.017670597010892033
0.41887042355832016,-0.5543170352158333
0.609335769906084,-0.215726479874076
0.01160021381738103,-0.3409768430988369
0.44280103694370854,0.16355832394146685
0.5650006047922357,-0.14551324111065742
-0.5862233422502828,-0.765321398898766
0.3177180457597935,-0.37397776712765723
0.6618371384547105,-0.31704865298448803
0.35486600618862574,0.4415050512510112
-0.18336664760368418,-0.7108453488582863
0.4111169606674909,-0.4837601013504907
0.1213499563891606,-0.46184463507622203
0.08873129014527825,-0.36381094854872204
0.2889824495480524,-0.3973352455888009
-0.05975177975612172,-0.040121618205826756
0.0993401153848879,0.2725610980684656
0.14920582040506752,-0.5719257226572046
-0.5690124167518649,-0.546351153537108
-0.0827164276166864,-0.3081485110624715
0.18021059431759148,0.18734087547779166
-0.11985419353249391,-0.132949717267579
-0.9627564761236636,-0.9147359508591864
0.4681911949699538,0.9045135722634623
0.2055157852925312,-0.19535354794337517
0.6448716733261928,-0.04471653749531916
0.8058686966579185,-0.33178276132046913
-0.43972410079067453,-0.4752014447664344
0.36081965022593915,-0.0686679178071834
-0.2098625484586643,-0.7852948639723512
-0.04047913374694037,0.25962859625251183
0.7251798392715086,0.6604748513602681
-0.17767384024531094,-0.7251554502027203
-0.39508066236832545,-0.8662101240455565
0.4397762504650622,-0.5920915393164264
-0.08140506232956919,-0.18574650199289855
-0.6600718011467719,-0.6110920906166866
-0.3896268689874846,-0.5584827236052756
-0.07600884671682281,-0.23116427853192856
-0.3446854024289631,-0.4037753443134824
-0.16085714891021902,-0.6221452688704834
0.19843395922474646,-0.399052191138595
0.08542315345947088,-0.09659420524206244
-0.9363608757298472,-0.778135354020018
0.5075409794123319,0.5212497279741672
-0.25337761052721763,-0.18447016650015707
-0.03568764230735151,-0.0993855315095519
0.2152925562084866,-0.25030215892549645
0.9101694412966559,0.7260187622436637
-0.6378869056302497,-0.23762408706237012
0.464257257099175,0.6577537834283088
0.9074063547391227,0.24529892503606723
-0.7182350779073584,-0.5670082924548675
0.33155775364127654,-0.04003756123874324
-0.418846197670346,-0.6708727735029346
0.2545680008341017,0.4288877891057269
-0.6827770265015737,-0.8218965384289789
-0.004004606002789869,0.005052522079344207
-0.1205360354452542,0.11725428728025931
0.28841146012654045,-0.6852970108267071
-0.1475890613236161,-0.49287529752972603
-0.3460223681241876,-0.5952692818856707
0.4608782016226414,-0.21148081638350266
-0.25073282008442044,0.03941376973171888
-0.44834659629681733,-0.6043772481116146
0.09139439208515464,-0.38835964992208666
-0.5442443072204793,-0.2814270257284215
-0.015028398685786658,0.3095143116494912
0.8728816544114192,0.5143621091627828
-0.25994997772180045,-0.2161375664018366
0.11688917398433912,-0.6455741210402078
0.29511988900073427,-0.21887968194124802
0.7225098883987936,0.31434318580561854
0.609335769906084,-0.215726479874076
-0.4852872353538655,-0.4645116613737789
1.1627152429366046,0.47755897817540494
0.28896875570706043,0.29537920754761504
0.15523857162463328,-0.3219289776947047
-0.18085158198683002,-0.23311019601509256
0.5189919132846782,0.10824619955618126
1.4553710478063966,0.530836839800929
-0.17828331256682362,-0.8997023390947457
-0.2519281308245288,-0.279211298462533
0.6658271829091901,0.9365664248998009
0.27823255520094037,-0.4037140250103387
-0.8307505352029365,-0.8321527658156662
-0.10590823314363813,-0.24646884865112745
0.6382216806150126,0.3031066640452298
-0.1482871287732063,-0.5340828737525105
-0.27414961530479,-0.7303817338531158
0.4628456149375747,0.4160898924340598
-0.28470056006691846,-0.25113085187404605
-0.42777626648560535,-0.012232110406974629
0.2930075157903163,-0.13999649068395342
0.9557911673885711,0.6360616377763298
0.8903454154802032,0.4141221166944185
-0.45837834815055706,-0.49857385592716147
-0.49975857318507394,-0.04644371758086528
0.46152916053221565,0.6219392515401004
-0.32851405363189284,-0.3790949810401279
0.5465457905897633,-0.4819272162114397
0.48605397798316424,0.16416949186697505
0.07816962436139005,-0.6165682863411331
-0.27900317300730193,0.009605530866922642
-0.4850547982227779,-0.6161274494235304
0.09139439208515464,-0.38835964992208666
0.2106444337194426,-0.682240336584715
-0.6194315767863503,-1.4719946177255196
0.15702520205921883,0.2628047515987253
-0.4171429839195076,-0.4505187889471754
-0.0030766547698966294,0.48831453917785345
0.198522970029613,-0.211894279032558
0.3153432769331918,0.4322546028234969
-0.37307342597653276,-0.7521948431143994
-0.729806076411603,-0.4126464145088994
0.25649084205022116,-0.15272252455923196
-0.5553653863227177,-0.3286716114138719
0.7131140279316125,0.4436259014962449
0.1862337173803119,-0.5449015991629307
-0.01166018836077353,-0.06681936089136398
-0.1773168007684265,-0.26955867744806566
0.08746913602287293,-0.3212911651029384
0.09426230503946773,0.013658596006752366
0.06359211144127215,-0.20000469927773523
0.4138649731433526,0.0053808484285679204
0.39973393188443945,0.09594405604264163
-0.5301314204975602,-0.867351266322758
0.8197115555039128,-0.3091005042477127
0.09744473290871246,0.381248616600536
-0.09192634958232464,0.3603264464953094
-0.18085158198683002,-0.23311019601509256
-0.5484785427916984,-0.6981831837540574
0.6710662896007346,0.1523637813987672
0.2024757036938156,-0.09520546984315376
0.10276973939854203,-0.1535313033947866
-0.16085425904101608,0.059914807382426674
0.3441405073502576,0.6748505756883008
0.7769109923333568,0.059142556724050034
1.452563538105882,0.3749806181122342
-0.10368277673129513,-0.7208129275393265
0.07720765919673894,-0.5482439609717763
0.541763818658568,-0.23874405744987587
-0.1791569597223603,-0.28958978857359985
0.8352196104540442,0.7936845072749596
-0.02378663223672858,-0.18247201566700022
-0.27023114605545756,-0.5594518100772954
0.3817809067729657,-0.5441610735955917
0.24257311034984286,0.12331344422044684
-0.41755306548311394,-0.15874122992764966
0.1645627460046558,-0.06313516008427068
-0.4473778536488808,-0.5762309969984329
0.40828517427340655,-0.03721826545494721
0.3549585897647164,-0.5949078198766866
-0.30383404069418257,-0.39293377132391716
-0.16085425904101608,0.059914807382426674
-0.06625282426471037,-0.6696451864196348
-0.08140506232956919,-0.18574650199289855
0.4623658713003509,0.15518109207650627
-0.2396480902147534,-0.6404867925197597
0.7665301881154604,0.44092472904990515
0.2558051772804971,0.3235239519142052
-0.5707353262429368,-0.3808822056069503
-0.1736295727081961,-0.4055602700171751
-0.10779152069915408,-0.30305416413152847
-0.439840780311483,-0.7309015588369043
-0.08097631147988904,-0.026495604937939427
-0.18995713869511033,0.2634880475999713
-0.7974265670614816,-0.6532141435083934
0.2017227263879717,-0.3129990882895757
-0.3920016205926464,-1.0208758673406526
1.0844768914898797,-0.28812791412943417
-0.7498971633359172,-0.1433026246964695
-0.3041671362691114,-0.5022664731394493
0.1794295217322608,-0.18417805744480606
0.5121316194542106,0.07744355558684701
0.5746598057549214,0.034676435620175534
-0.5257278499108495,-0.4151063818941271
-0.45104516036105863,-0.37144589841201525
-0.7548434357273677,-0.9053430376519097
0.4153668339696083,0.12193541704638473
-0.3948143216251814,-0.5265515665125139
0.03849369973697761,-0.44547514850245207
-0.13467148424684164,-0.451318368214145
0.41822592549277426,-0.055077706931851475
0.5115115240172485,0.3110522043143558
-0.4773096196329316,-0.627106064161335
0.19480641113211308,0.1800991884570115
-0.7032436058760615,0.1994985662025919
0.6370638313235872,-0.6468359591615352
-0.32351458884929973,-0.489974006334602
0.198522970029613,-0.211894279032558
-0.525030368042539,-0.7029041753982856
0.38306439068883386,0.8912094828578104
-0.06377135727541863,-0.40672033970661525
0.3634586685063401,0.021482318778788766
-0.8821474007250814,-0.73210086654438
-0.4928950955772462,-1.1335451030250887
1.121144939928115,-0.06243348536412259
0.76531568266616,0.7554772472620671
0.5539558424923394,-0.0018977262117136785
0.27283502641281726,-0.17911330248334978
-0.04265190461265053,-0.17748831635938828
0.01160021381738103,-0.3409768430988369
0.858770820569059,0.3004013235276172
0.6250379385171447,0.873468038111253
0.06690875840272889,-0.6047388308838763
0.5786632558869254,-0.025705358898267253
-0.1205360354452542,0.11725428728025931
0.34635893316881394,-0.017670597010892033
0.2545680008341017,0.4288877891057269
0.1176849802520599,0.14349645655129042
-0.26290604574783966,-0.6127316704806445
0.14989049519404074,-0.3745107524086651
-0.3656622799552226,-0.7829538176913852
-0.13100822517020616,-0.2003220322675861
0.2749749435124094,0.027916619076046638
-0.0827164276166864,-0.3081485110624715
0.762493269243046,0.28633818215135914
0.3857154712440034,-0.5046931687480847
-0.5035502650951202,-1.0918641541726684
-0.030468259454173113,0.2625449087490573
-0.35237419913057855,-0.913680947830184
-0.07256575199579202,-0.6896354755365762
-0.040292441328336516,-0.07698798369445102
0.7542357626005165,0.7340249538162402
0.10276973939854203,-0.1535313033947866
-0.08097631147988904,-0.026495604937939427
0.02309715977022336,0.3392595685953399
-0.026648188759693648,0.2048111873235774
-0.46749119956950397,-0.8091410709935204
-0.49922206800447905,-0.45314989965338887
0.3634586685063401,0.021482318778788766
0.2961140706536559,-0.17692543482400097
-0.004004606002789869,0.005052522079344207
0.1176849802520599,0.14349645655129042
0.8462192044001202,0.9229536175871645
0.38296554509134995,-0.2201335333904839
0.7346983965985145,-0.14204059699839722
0.36081965022593915,-0.0686679178071834
0.38291230312454316,0.5107921753043531
-0.4403897930829583,-0.4452798201198236
0.29899875225711736,0.6190228020916186
1.0340807793878455,0.6756998064959308
0.24192843655970703,-0.4874386403879447
-0.16424488329819337,-0.1317408249316225
0.17247007756140004,0.21233534252185224
-0.3930263497870192,-0.23753275311679473
0.2558051772804971,0.3235239519142052
-0.3635462583043065,-0.970648112886655
-0.41755306548311394,-0.15874122992764966
1.1259036726528824,0.9882478738478429
0.48399148650439033,0.5673878689922387
-0.3223318965577141,-0.28718094653224413
-0.2048681907261914,-0.5428010764269245
0.28241145596374867,-0.003922697700725301
0.41822592549277426,-0.055077706931851475
-0.08000530780087693,-0.3714100424972845
0.382209397261663,0.12400160321562811
0.8641671478288246,0.12587552966483403
0.08561943087501588,-0.3524165294292149
-0.3640563239873567,-0.5992698408630861
0.09371462774249151,-0.6835373030573747
0.2639281152923305,-0.14234802482152137
0.729627534237254,-0.18586544151245274
0.3159839001710443,0.24992991347717805
0.3000119065516333,0.23815090124246713
-0.20730681237211687,-1.0232040051555475
0.25713301304883257,-0.19180791562977112
0.5484205462246706,-0.25666384917227975
0.15150023566371898,0.027425814022275036
-0.000754605808243729,-0.23238207121484233
-0.32005379952539087,-0.3366015940338908
-0.02378663223672858,-0.18247201566700022
-0.15552116720043876,-0.6853400693536019
-0.036273794147058135,-0.011470852893176717
0.339240665816478,-0.2233071359488255
0.3531655683092053,-0.043336107589753536
-0.4894460130521883,-0.7409525298184324
0.07816962436139005,-0.6165682863411331
0.28313059387541784,0.5803289067497202
0.17268338457129398,-1.0602366071339413
0.07816962436139005,-0.6165682863411331
-0.019968131939342583,-0.03259154611199911
0.16696301508843608,-0.11552718205623544
0.2889824495480524,-0.3973352455888009
-0.18085158198683002,-0.23311019601509256
0.3819923076065282,0.13753630531339234
-0.33190357977282325,-0.46044719226099645
-0.5094838329640141,-0.6378735821074343
-0.1562102334982978,-0.46523723961925434
-0.050029617016682654,0.3672962413255607
-0.31675564984880406,-0.8353493870465872
-0.16797752009737363,-0.7396281849404772
1.1721760240719439,0.6393466756769688
-0.07859645074049239,-0.2544722870931611
-0.34983802409902637,-1.0417248480657344
0.4652033239042256,-0.33538892299489426
-0.30185859449958047,-0.454830165305562
-0.16424488329819337,-0.1317408249316225
-0.18995713869511033,0.2634880475999713
-0.12050571910613382,-0.6545690288026765
-0.02954306207199948,-0.4837206583120004
0.8742510019751544,1.1305742092411126
0.3273204103439466,-0.6989058522665819
1.2902052128851649,0.41423786350719555
0.007040987734919589,-0.6369027739251126
0.14117720075587029,0.24496028122843402
-0.23998886554591908,-0.3708721739579698
1.076980137278291,-0.23540385568645458
0.18329483959615162,-0.1846553451850172
0.19473029629415536,-0.13471473158550695
0.2965284154747835,0.39626689793386083
-0.0867716611905483,-0.36273741873661725
-0.04047913374694037,0.25962859625251183
-0.43522451999800216,-0.03938056549798703
0.2017227263879717,-0.3129990882895757
0.44280103694370854,0.16355832394146685
-0.4208782594832159,-0.23620475020151602
0.03022350091995726,-0.3351972989578382
0.4360077980124646,0.6881817296766388
0.45442438106655186,0.1583232214537555
-0.26835190473319875,-0.3087742043461993
0.1284393724621643,0.08816698767198584
0.3635168757247317,0.07704020146590038
0.8231446260882924,0.6186565270793465
0.16968469097157077,-0.152997361647516
0.4652033239042256,-0.33538892299489426
0.04093728812592397,-0.28734017662139016
0.0020267591855789415,-0.46880271955848096
0.21420322147014711,0.0010186502503009528
0.5484205462246706,-0.25666384917227975
0.22591623227966057,-0.48124277863861686
0.15150023566371898,0.027425814022275036
0.0331832714970307,-0.015101772901952588
-0.4118626993325257,-0.32584816290708957
-0.18995713869511033,0.2634880475999713
-0.6714570971998519,-0.4562474328390671
0.8358524769314184,-0.03614786631074878
0.6426944775171805,0.07407356908116065
-0.19979478369356282,-0.7185465755189052
0.207808465422893,0.3158210167096183
0.25713301304883257,-0.19180791562977112
0.15560482887201185,-0.19392842157760135
0.746329381583957,0.349798233388641
0.9453032993977364,0.4970634133700929
-0.14596478736638693,-0.08860744140981255
0.5376646585346537,0.40697882961286375
-0.24607552314178746,-0.4795986100908569
-0.5949457947709703,-0.982112641432881
0.0324200317298788,-0.32218631198136116
-0.4473778536488808,-0.5762309969984329
-0.25710090434538524,-0.19373100720704042
-0.41168370745893074,-0.2757685085972934
0.31100245301214985,0.5385797831725122
0.25713301304883257,-0.19180791562977112
-0.02378663223672858,-0.18247201566700022
0.40197003218530925,0.6861427589269534
0.3634586685063401,0.021482318778788766
0.1756111465709508,-0.7402774311667855
-0.6633411215333463,-0.6697676269240921
0.29802034145192846,0.3496324950963096
-0.2878248896240589,-0.3316135160437657
0.9542994124857969,0.5138497102803901
-0.27023114605545756,-0.5594518100772954
-0.5961127616205691,-0.2497336351486965
0.6625598290041012,0.2224341775943145
0.42670204301283576,0.1210285794839842
0.3467357850956732,0.06245713670598581
-0.6280697776468008,-0.5694297608515247
0.729627534237254,-0.18586544151245274
0.4712952258430846,0.4821608260238338
-0.4825610681528322,-0.7394196326294303
-0.8218022220541925,-0.0534198946438482
0.3387209802048345,-0.18241979335519043
-0.06693579627809404,-0.031215228139808718
0.2558051772804971,0.3235239519142052
0.28102455817850064,0.04903794100906846
-0.10980102137402584,-0.4807775016090925
0.40059691628953586,-0.1431691853062127
0.1262972987460895,-0.11136258230531772
0.3273313666739059,0.027583509309818642
-0.3004127174014577,-0.49887266141232217
-0.9174359039566403,-0.840269820505191
0.7068108529786279,0.6788933743158689
-0.7270626355037596,-0.7328956262625336
-0.27224624312047585,-0.5430682132726875
-0.011131742745596562,-0.33828408481509653
0.1168064573149286,0.02745779434145993
0.730686881960035,-0.08472105439191824
0.6251005427503755,0.10951349977180647
-0.46973770680261084,-0.7339861290749552
-0.5517643768657086,-0.7658747484007098
1.1144278392032125,0.845586066683332
-0.2380760641290703,-0.5736384481060365
0.590650742775382,0.6054182712690879
-0.1752787688423254,-0.41048718876479634
0.2152925562084866,-0.25030215892549645
0.3104283980518623,-0.018717000480479987
0.15150023566371898,0.027425814022275036
0.09426230503946773,0.013658596006752366
0.3999687674020741,-0.06231091174265216
0.46329132292088465,-0.16155266321630787
-0.4246913900811738,-0.6217708283855788
-0.47043629479992277,-0.7794187687603142
0.014292750205336647,-0.857049617042468
-0.8123536501714379,-1.0605716578674047
0.4439489808805549,0.4521960475528756
0.901188594315434,1.3932220511462259
0.08746913602287293,-0.3212911651029384
0.03022350091995726,-0.3351972989578382
-0.16083731169992913,-0.8804739227490258
0.35154550237716237,-0.2628032870434168
0.2585378770416128,0.025508033802237543
-1.3816875186608961,-0.9012263908981574
-0.43806362742169225,-0.25864632137756166
-0.45702994854056306,-0.9429140561920234
-0.322552452575633,-0.2239858916380994
-0.5986611606611313,-0.9865042567955995
0.05403021359490604,-0.3520209121798221
-0.023607652452736456,-0.6651512925981151
-0.1773168007684265,-0.26955867744806566
-0.0030766547698966294,0.48831453917785345
1.1259446209345627,0.5662694961112539
-0.02278007083081374,-0.005339629432892243
-0.4459373923510433,-0.8304633612433514
0.07720765919673894,-0.5482439609717763
-0.4523633129365233,-0.3245221386573136
-0.33883960945337577,-0.3979526106811497
-0.18085158198683002,-0.23311019601509256
-0.5189108983011639,-0.9594401748361646
-0.040292441328336516,-0.07698798369445102
0.24918962172308895,-0.019719260304768657
-0.2705838933657256,-0.588209025305386
0.023252866812484205,-0.323552096756
0.22246980615498302,0.24747665214713785
-0.025548245997016515,0.3581855753238144
-0.9812492232668601,-1.2487001175054249
0.7843544925934139,0.20540063494779598
0.7683399109610659,0.27327539383552646
0.0813728035645554,0.6376727962596146
0.3695855638610891,0.10369565471115108
0.025024463013634608,-1.0302595906344476
0.17089380587759462,0.324384908773141
0.6822147436406201,0.39710052696976605
0.11951834608096291,-0.31057661246769314
0.5094864964365784,-0.22811143439158335
-0.019968131939342583,-0.03259154611199911
-0.5390844158764412,-0.45636183549802195
-0.08666997787803432,-0.3028652786149711
-0.5917769232520839,-0.5746509426035351
0.6228775499825899,0.48289751463458086
0.14117720075587029,0.24496028122843402
0.7927678676884736,0.6381755172577778
0.6421993216174638,0.014152653243769249
0.34158873296617615,-0.00353915020253064
0.6256856353776074,0.7017094524006712
-0.3643860413890277,-0.6870318922579192
0.6665306348984735,0.7182531397848205
-1.239235812479925,-0.9567930228050462
-0.11534568509703198,-0.39171089493036815
0.03988245430347171,0.21245859792639776
0.3850084693784629,-0.012052925262399716
0.1389597282450863,-0.14949157646893987
-0.2215896146521588,-0.6947030520404853
-0.33783374108121045,0.11987779012573105
-0.39849865125358674,-0.10370757968020049
0.2961140706536559,-0.17692543482400097
0.23151380067339258,-0.6500823408089034
-0.663558181163463,-0.617497668899988
0.6877758453145407,-0.19634285421251751
-0.1562102334982978,-0.46523723961925434
-0.017145306606458993,-0.4392908975850071
0.2558051772804971,0.3235239519142052
0.04801441239000723,-0.4068162535786923
-0.33961307166749444,0.1523611084499043
0.92683576423077,0.191620512287323
0.06359211144127215,-0.20000469927773523
0.4623658713003509,0.15518109207650627
0.4470063590057649,0.10511988593768942
0.8650920055304406,0.4152808371469283
-0.14019388480151654,-0.2870648096629191
0.5000794209511192,0.06280317595783885
-1.00766795763982,-0.908982724294372
1.029486344753348,0.9604668649750758
-0.4078082069111698,-0.8774097539800398
-0.17767384024531094,-0.7251554502027203
-0.8661848842901004,-0.6414001096527163
-0.36705529171114265,-0.15871461299635678
-0.12191104963164337,-0.4038086524557719
0.027110006725957647,-0.5679502626699944
0.3987510876666464,-0.09630802819554432
0.6876190267622868,-0.05972826212616864
-0.059586515158054985,-0.1782667091068987
-0.10258614936481264,-1.01745951320494
0.41263352178067947,-0.23441468259043752
0.0025395763891664603,0.09917834479715046
0.18126746412008568,0.061981894562601836
0.6311108441350006,0.05811630453174603
0.15931006911665171,-0.05035018454367392
-0.6664150598622052,-0.42826042151399085
-0.10590823314363813,-0.24646884865112745
-0.6532654424324638,-0.2505113964916807
-0.30238193511756845,-0.36263292938846464
-1.239235812479925,-0.9567930228050462
0.06764848203732607,0.1870501257710265
0.06359211144127215,-0.20000469927773523
0.19174706330908242,-0.09244126995416523
0.8184426043188558,-0.374386004521406
0.15150023566371898,0.027425814022275036
0.2574671070428362,-0.09634454161465213
0.12552559827864457,-0.21705884099902092
0.9836704184074004,0.8626689140378191
-0.18995713869511033,0.2634880475999713
0.23549838978208748,-0.15739150556375528
0.057961189309491276,-0.16350813075531537
0.406648080106126,0.3106778872207931
0.6607657108193257,0.7551564729693564
0.3259178708990343,0.38249513876830543
0.7117758154375267,0.3215897768051593
-0.346867758916158,-0.7876027199889787
-0.22487730750079205,-0.4682727404230155
0.57874184469165,0.1691451431514248
-0.040292441328336516,-0.07698798369445102
0.45377837922547337,0.6493295967222198
0.2676251884466964,-0.07314420414144013
-0.6007426271125857,-0.6711174619371865
0.02335524719768013,-0.25882752583907404
0.2966108618860074,0.19247511948882848
0.1461379503328585,0.28588120418602153
-0.486186791527005,-0.08166861993210375
0.15560482887201185,-0.19392842157760135
-0.5236957813345025,-0.6066083335987982
0.2017227263879717,-0.3129990882895757
-0.3511845282075785,-0.1926838116946461
-0.8039680756708296,-0.7752124044767456
-0.2533101684238767,-0.3968460117946366
0.11580128540828595,-0.3681005670739157
1.003461933104198,0.8281350119454021
0.13429108745587245,-0.5412119661550943
-0.10298684380066452,-0.35350628126206124
-0.9311525717487201,-1.260542557849121
0.29297023256398425,0.08429402729501792
-0.22487730750079205,-0.4682727404230155
-0.5236957813345025,-0.6066083335987982
-0.019968131939342583,-0.03259154611199911
0.0661114791590881,-0.8366070123480677
0.4669968980492575,0.18545241700060447
-0.7476439402997422,-0.35509532794961707
-1.1251964613060845,-0.9742876598693003
0.3212299709073143,0.6972773206988581
0.5826531875640861,-0.6484622914477108
0.611100008535181,-0.2384348349249359
-0.3651159120673355,-0.8540012531393648
-0.024485211649730276,0.9126385317522651
0.8650920055304406,0.4152808371469283
-0.2082347464699617,-0.3821827914726976
-0.4607372082808981,-0.9446738788995599
0.8873188799009049,0.39155851563842253
0.45567697437108784,-0.6797366968942573
0.25831606423418196,-0.6202942388427948
-0.1706050305447106,-0.8293880210192021
0.4623658713003509,0.15518109207650627
0.4100324432042278,-0.061603495277869465
0.26234207902756584,0.4071629935981855
0.42670204301283576,0.1210285794839842
0.27743680245224456,-0.1900306614246913
0.8578408514998687,0.5660294180227204
0.3387209802048345,-0.18241979335519043
0.08746913602287293,-0.3212911651029384
-0.050029617016682654,0.3672962413255607
0.06412648187090002,-0.0845100370241423
-0.9576651910972312,-0.18690265277099682
0.382209397261663,0.12400160321562811
-0.08097631147988904,-0.026495604937939427
0.10902921463323917,0.031139020059482117
0.1367914177332772,-0.3555532355755737
-0.6827770265015737,-0.8218965384289789
-0.43505657748553184,-0.6105269635897916
0.3431504553693723,0.4180791913820193
-0.17767384024531094,-0.7251554502027203
0.07816962436139005,-0.6165682863411331
-0.3224014339143637,-0.8991974935146004
0.6758151365503708,0.6689631215446983
0.18021059431759148,0.18734087547779166
0.09380634778495091,-0.38403364584825084
0.7301776464156466,0.1544792903325081
0.48409918734682333,0.41618565131606916
-0.2625061565393707,0.010446335191262437
-0.5390844158764412,-0.45636183549802195
-0.02539985307915903,0.30801466924341503
0.06690875840272889,-0.6047388308838763
0.7610701037610361,0.23380303513413242
-0.25337761052721763,-0.18447016650015707
0.42201291704143196,0.5059360201324136
0.8428418652369979,0.9277191439065805
0.7790573019956045,0.5958674460224799
0.6880221613723569,0.28126595044732006
0.9286136543246232,0.22025637285768368
0.04093728812592397,-0.28734017662139016
0.42359391411470226,0.42393910685560365
0.025024463013634608,-1.0302595906344476
0.4262947221021338,-0.35027336198112524
-0.24817005468745112,-0.43918433700427023
0.35486600618862574,0.4415050512510112
-0.13448332621440381,-0.6624743130171588
0.41822592549277426,-0.055077706931851475
0.23410301196193395,-0.4417343886314541
-0.19864920992946938,-0.8190334691229559
0.10204353803447448,-0.906229969299753
-0.12262726194402158,-0.46619106014227674
0.10066648714426611,0.12738651153014266
-0.5894196857186831,-0.6369729300196961
0.5003069523529119,-0.055676165784699555
0.05789059949091371,0.0515939496776416
-0.3849123133057114,-0.5430145801568478
0.042970266102583615,-0.592810781675764
-0.35237419913057855,-0.913680947830184
0.3104283980518623,-0.018717000480479987
0.46215270448082535,0.05531508009755012
0.05127250923976411,-0.34875121081737803
-0.05996205453972084,-0.2925050633496359
0.0551409998062549,-0.26381414352038934
0.614531945235938,0.31928778481335107
0.5641982395754398,0.1219442331221945
-0.4773096196329316,-0.627106064161335
-0.11134118059396644,-0.5576945580743712
-0.5236957813345025,-0.6066083335987982
0.3159839001710443,0.24992991347717805
0.9115014311761466,0.19541533821493184
-0.7182350779073584,-0.5670082924548675
0.8252803621631051,0.47726526301134214
0.2526504965376533,0.20750517981485625
-0.39513225918954725,-0.32408330543438807
0.382209397261663,0.12400160321562811
0.028325292999817724,-0.04301387388698135
-0.5133852708202791,-0.786291859213809
-0.30383404069418257,-0.39293377132391716
-0.7182350779073584,-0.5670082924548675
-0.08097631147988904,-0.026495604937939427
-0.33190357977282325,-0.46044719226099645
-0.04265190461265053,-0.17748831635938828
0.3273204103439466,-0.6989058522665819
-0.8534445031731198,-0.6459081531297426
-0.49097436377886244,-0.33195958993905633
-0.3404282811055805,-0.9141873097836425
-0.8329537065813065,-0.872471056097089
0.5027295898464238,0.4203006083699509
0.253557904161404,0.3864772583437307
-0.22667659255061345,-0.3770686898306115
0.39973393188443945,0.09594405604264163
-0.0570881107798581,-0.6247387900345006
0.8428418652369979,0.9277191439065805
-0.18197091759839418,-0.21340105448983213
-0.7773041126555955,-0.3672351165913564
1.1672075836404654,0.40182789563704885
-0.22487730750079205,-0.4682727404230155
-0.33783374108121045,0.11987779012573105
-0.341354175403399,-0.5188525959587639
-0.486186791527005,-0.08166861993210375
-0.09806339529476786,-0.3434532757720279
-0.13230973245709599,-0.507610507295577
0.19228201634696646,-0.23459176059202835
0.09231438189100583,-0.4680370160844726
-0.47288350768509624,-0.4922486909948735
-0.3616935229564299,-0.5019799411611847
0.047270979697454904,-0.029546243970623685
-0.4429717790076345,-0.6299279646590055
0.3104283980518623,-0.018717000480479987
0.4007124982417563,-0.2011158858803195
1.120406821211119,-0.09225737361913536
0.8195749693995994,0.4443974447062565
0.32945033908620713,0.08301014735382671
0.3120176031715333,-0.29327991107238427
0.27283502641281726,-0.17911330248334978
-0.07502320167482723,-0.6249986215639535
0.15150023566371898,0.027425814022275036
0.1794295217322608,-0.18417805744480606
-0.31675564984880406,-0.8353493870465872
0.9407936470944445,0.5303313386979934
0.34635893316881394,-0.017670597010892033
0.01871552370119509,0.11481298195443959
0.7769109923333568,0.059142556724050034
0.9043441332954503,0.29991923239748514
-0.6255330851565908,-0.6580672758292192
-0.4118626993325257,-0.32584816290708957
0.05383826506441723,0.27396449911470255
0.13170162715286202,-0.04483626091380342
0.25088369419391765,-0.9334794702166578
-0.46749119956950397,-0.8091410709935204
0.7192746202271099,0.03678131972674237
0.8742510019751544,1.1305742092411126
-0.050029617016682654,0.3672962413255607
1.2816361781583654,0.43530257476495343
-0.37062105973510123,-0.43418073570853444
-0.39204162580850926,-0.4038156669794724
-0.3948143216251814,-0.5265515665125139
0.03368086783451626,-0.11067632666729768
0.1582388037681669,-0.00586515143303595
0.059044386980152706,0.023940425513502967
-0.1774641890687154,-0.5160196708389521
-0.18995713869511033,0.2634880475999713
0.4623658713003509,0.15518109207650627
1.0517928069529474,0.4862197828841821
0.6822147436406201,0.39710052696976605
-0.43420606459428,-0.39333901377623787
0.16872031970062382,-0.12372557180667315
0.15523857162463328,-0.3219289776947047
-0.20181026278216707,-0.1504329676152894
-0.9441629016960522,-0.30422039135777823
0.2918576925551998,0.3724372608347378
-0.8436618455653523,-0.3788536616355106
-0.32768952009320457,0.5822994661686149
0.7307965373741964,-0.3150706462397127
0.2961140706536559,-0.17692543482400097
0.026983740579961363,-0.4873219443721022
0.31509183851583733,-0.07864291237117144
0.6167941137962412,0.11133580302426199
0.0725068340458822,0.325111948510928
0.7307965373741964,-0.3150706462397127
0.02309629736751427,-0.20173511942511255
-0.44834659629681733,-0.6043772481116146
-0.24567865553070625,-0.4479479924643014
0.10013320112895398,0.01656668282552152
0.09380634778495091,-0.38403364584825084
0.09747971953976622,-0.3748676574415999
-0.1694550066014111,-0.04445541461908272
0.2961140706536559,-0.17692543482400097
-0.10555858209258734,0.0012516724985461314
0.6891557411614383,0.18606672689286693
0.02335524719768013,-0.25882752583907404
-0.040292441328336516,-0.07698798369445102
0.1519219766726487,-0.1729008561986399
0.9286136543246232,0.22025637285768368
0.15758213731113088,0.061315954627861
0.025024463013634608,-1.0302595906344476
0.3827412537776686,-0.5840403931438496
0.21447784987309593,0.05711495028822359
0.04512163915654782,-0.7959083989180488
-0.02954306207199948,-0.4837206583120004
-0.5442443072204793,-0.2814270257284215
0.07720765919673894,-0.5482439609717763
0.4182533231806594,0.5153963918956572
-0.16931156834421357,-0.46354367163373367
0.16862037065144297,-0.7504709158594802
-0.20965917591354016,-0.23134640371071258
0.2861784019835845,0.14142348995944384
-0.5862233422502828,-0.765321398898766
-0.3944187301820058,-0.0913426973405275
-0.37036556560017625,-0.8816394301563146
0.4222699410631116,0.1673573395288232
0.06300017509643505,-0.46378809890191763
-0.06367290000367294,-0.3337574509175264
0.21491960774347818,0.0475797732023916
0.3000119065516333,0.23815090124246713
-0.3829178315069875,-0.5726087537359634
0.06690875840272889,-0.6047388308838763
0.9295335615603463,-0.017632009236164006
-0.33705433745591984,-0.14220534416473204
0.9286136543246232,0.22025637285768368
-0.09996112841317403,-0.6679210409144389
0.1919722106555156,0.07116569476230074
0.037696554760474926,0.23331356665843778
0.15430644196196722,-0.09592951156722115
0.1072528577351701,-0.613643429802707
-0.023355516642116915,-0.5882917368522865
-0.34227879309470993,-0.33835209775531583
0.25713301304883257,-0.19180791562977112
0.48172317457528235,0.09507761427846866
0.6070111155941226,-0.44955352079510486
0.8811749998914605,0.6575058768822329
0.16105424347585134,-0.5894678084969636
0.4915109831071225,0.37066258444984995
-0.10555858209258734,0.0012516724985461314
0.24480853137881511,0.3443192496522727
-0.004004606002789869,0.005052522079344207
-0.36510887411042914,0.03669763895246883
-0.39204162580850926,-0.4038156669794724
0.1756111465709508,-0.7402774311667855
0.01234613544492025,-0.6017593438327182
0.09744473290871246,0.381248616600536
-0.08097631147988904,-0.026495604937939427
-0.43505657748553184,-0.6105269635897916
0.13787595908223735,-0.009165950922639256
0.7592102481546634,0.5202441047109404
0.018127242242822993,-0.32827888314334686
0.1788130529794492,-0.7860830019891596
-0.13467148424684164,-0.451318368214145
0.01689859391062095,-0.2736614654667123
-0.08140506232956919,-0.18574650199289855
0.23974221765341716,0.2663859882032076
0.3956224126798316,0.10735618861002047
1.4553710478063966,0.530836839800929
-0.1957206674150528,-0.2630302917712609
-0.06865175721286064,-0.28766740941637503
-1.239235812479925,-0.9567930228050462
-0.02359889067402124,-0.48605425972681293
0.8811749998914605,0.6575058768822329
0.10688878386421564,-0.029159780815410995
0.07816962436139005,-0.6165682863411331
-0.028459679600975552,-0.4673087562492213
0.07816962436139005,-0.6165682863411331
-0.6117738821683305,-0.9191800123003226
0.15493936379952136,-0.030155151065443954
0.026983740579961363,-0.4873219443721022
0.27880955762429865,-0.22054488134951947
0.06359211144127215,-0.20000469927773523
0.0024300443784869754,-0.433920932720812
-0.3983756328317638,-0.6163183563506922
-0.02278007083081374,-0.005339629432892243
-0.35255856211784575,-0.69613762070991
-0.9241000097834738,-1.1342890904170202
0.3695855638610891,0.10369565471115108
-0.2582022204835304,-0.24507046555803302
-0.6175460719404849,-0.9945520350525529
0.0039009275998653048,-0.8427978867613862
0.7714572375552768,-0.006621822558567774
0.15560482887201185,-0.19392842157760135
0.8650920055304406,0.4152808371469283
-0.1187111925369289,-0.5955998364181002
-0.24034434333319674,-0.13853142053132333
0.07889429013806146,-0.06508943202388186
0.09585017575929372,-0.5382040710969186
-0.5226591154144333,-0.034585499734821765
0.8324397415181156,0.4737999819010359
-0.32660183797462816,-0.6869608566677228
0.6421993216174638,0.014152653243769249
-0.3552069203674412,-0.3072485031006172
0.7993549553851554,0.4581291588413118
0.06690875840272889,-0.6047388308838763
0.0025395763891664603,0.09917834479715046
-0.934781671978651,-1.0897833757015152
-0.032242721162997284,-0.051563562794422764
0.14983480326438633,-0.29859113893709155
0.04093728812592397,-0.28734017662139016
0.5908874460669838,0.08682514760576453
-0.3240328081981698,-0.44712546447414164
-0.3672938743326195,-0.3844909593197242
-1.0102279389397637,-0.4541628215527957
0.9314657392574675,0.4435495376754128
0.27283502641281726,-0.17911330248334978
-0.44771454050442405,-0.5880390307766536
0.4608782016226414,-0.21148081638350266
-0.16828909020629002,-0.045877537505596984
-0.02278007083081374,-0.005339629432892243
0.8032172281143576,-0.07967562297675715
0.3045241405718293,0.1549970142571206
0.04643294898447082,0.09915815152837329
-0.08140506232956919,-0.18574650199289855
-0.23107808852813808,-0.8117823859545656
0.31436457389992145,0.17706071486753047
0.40757828865405743,0.36799153678968866
-0.4403897930829583,-0.4452798201198236
0.029597762566608482,-0.22427999271422241
0.04396474140484713,-0.7930199074792482
-0.16818274293378996,-0.48748506604229447
0.028325292999817724,-0.04301387388698135
0.609335769906084,-0.215726479874076
-0.1489922547258323,0.20360791297173086
0.3695855638610891,0.10369565471115108
-0.2609561869306006,-0.9919653153938158
0.01160021381738103,-0.3409768430988369
0.00555492357682129,-0.0541961629967156
-0.7232739862661239,-0.7091213786153502
-0.030468259454173113,0.2625449087490573
0.007040987734919589,-0.6369027739251126
-0.05975177975612172,-0.040121618205826756
-0.11798571162732484,-0.7133958102811643
1.128736200113693,1.167665806516817
-0.23178321046382383,-0.5834861751758571
-0.25553926060747245,-0.3593786193591078
0.7348807570325611,0.18744759734609825
-0.6764722362951016,-0.8448893383081374
-0.9023705981924367,-0.3463573248769011
-0.04836174555341675,-0.36983390286823714
-0.3509163743867758,-0.7996455410210295
-0.08097631147988904,-0.026495604937939427
-0.4879371609210325,-0.491307622303512
0.8446789844495417,0.6631982185355939
-0.26927660134286263,-0.7596968758628503
-0.040292441328336516,-0.07698798369445102
-0.5467931840474806,-0.4496923656871015
-0.0198136961082399,-0.6230796761283005
-0.09996112841317403,-0.6679210409144389
